ORDERDATE,PRICEEACH,UNIT_COST,QUANTITYORDERED,SALES,DISCOUNT,NET_SALES,FULFILLMENT_COST,MARKETING_COST,RETURN_COST,COST_OF_GOODS_SOLD,SHIPPING_REVENUE,PROFIT,PROFIT_MARGIN,IS_MARGIN_NEGATIVE
2023-01-01,136.56171874999998,57.1134375,341,41499.33,4499.29,37000.04,1776.82,641.32,1759.67,16948.92,276.0,16149.31,45.09213541666667,0.010416666666666666
2023-01-02,133.12380208333335,55.7009375,354,40727.73,4819.72,35908.01,1813.1200000000001,627.61,1707.3700000000001,16389.21,273.0,15643.7,45.80552083333333,0.0
2023-01-03,130.46651041666667,55.58109375,346,38519.32,5274.19,33245.13,1776.32,638.66,1591.82,15836.29,345.0,13749.54,44.14958333333333,0.005208333333333333
2023-01-04,126.33453125,54.16458333333333,328,34679.8,4061.48,30618.32,1744.2,646.31,1441.84,14107.31,333.0,13011.66,43.40958333333333,0.015625
2023-01-05,142.09583333333333,60.82260416666667,318,37673.11,5031.25,32641.86,1722.54,666.99,1555.44,15397.789999999999,348.0,13647.1,43.49760416666667,0.020833333333333332
2023-01-06,142.97645833333334,62.40833333333333,398,51823.33,5940.76,45882.57,2184.96,807.85,2118.32,21965.6,438.0,19243.84,44.37654166666667,0.0125
2023-01-07,132.32391666666666,56.66016666666667,409,46039.29,6018.86,40020.43,2194.96,802.13,1869.46,19170.57,408.0,16391.31,44.29995833333333,0.0
2023-01-08,130.15130208333332,54.12119791666667,347,37195.46,4483.19,32712.27,1796.78,651.67,1540.35,14740.17,327.0,14310.3,45.85921875,0.0
2023-01-09,131.56328125000002,55.02322916666666,377,39536.26,4975.87,34560.39,1826.4,629.96,1652.78,15602.75,276.0,15124.5,46.30875,0.0
2023-01-10,132.14755208333335,55.533489583333335,344,38892.5,7915.09,30977.41,1765.94,654.84,1384.11,15713.81,282.0,11740.710000000001,37.54739583333333,0.020833333333333332
2023-01-11,135.68895833333332,59.766041666666666,338,37683.09,4077.69,33605.4,1789.26,633.35,1557.14,15687.369999999999,333.0,14271.28,43.86614583333333,0.005208333333333333
2023-01-12,123.44447916666667,50.703125,359,38209.4,4827.69,33381.71,1776.52,673.65,1620.72,14999.08,363.0,14674.74,45.52848958333333,0.015625
2023-01-13,130.06779166666666,55.029333333333334,423,48203.96,5803.56,42400.4,2203.56,779.09,2042.95,19473.8,390.0,18291.0,44.02545833333333,0.0125
2023-01-14,125.81591666666667,54.60633333333333,435,46124.61,5366.07,40758.54,2228.2200000000003,771.71,1917.15,19036.43,486.0,17291.03,44.778999999999996,0.004166666666666667
2023-01-15,133.79848958333335,57.894375,316,34521.95,4102.99,30418.96,1714.46,646.94,1418.22,14174.19,366.0,12831.15,44.89166666666667,0.005208333333333333
2023-01-16,141.56729166666665,61.49619791666667,368,42459.89,5581.71,36878.18,1812.6200000000001,647.65,1739.48,17625.62,342.0,15394.81,44.623020833333335,0.010416666666666666
2023-01-17,126.12411458333334,54.76583333333334,346,35708.26,3871.99,31836.27,1775.04,633.02,1511.02,14784.0,372.0,13505.57,43.73890625000001,0.015625
2023-01-18,140.35723958333332,60.01479166666667,341,38875.51,4745.16,34130.35,1768.8,680.55,1659.78,15440.58,309.0,14889.64,45.51828125,0.005208333333333333
2023-01-19,126.22119791666667,53.05098958333334,318,35092.06,3902.69,31189.37,1729.72,655.03,1473.62,14263.68,309.0,13376.32,42.77484375,0.015625
2023-01-20,126.52325,51.82991666666667,410,43727.36,5273.82,38453.54,2175.42,811.47,1880.08,17112.65,387.0,16860.92,44.715,0.008333333333333333
2023-01-21,131.47466666666668,55.50445833333333,450,51004.03,6337.6,44666.43,2262.12,804.08,2134.34,20628.73,447.0,19284.16,45.905541666666664,0.0
2023-01-22,136.2715625,59.49755208333334,369,43370.2,5321.65,38048.55,1811.74,676.84,1786.63,18128.0,348.0,15993.34,44.99281250000001,0.015625
2023-01-23,132.38697916666666,55.97796875,341,37735.81,4652.38,33083.43,1754.46,663.76,1589.5,15169.65,411.0,14317.06,45.28140625,0.010416666666666666
2023-01-24,133.79208333333335,56.81734375,323,39961.21,4802.63,35158.58,1736.4,649.41,1641.31,16677.59,300.0,14753.87,44.31890625,0.010416666666666666
2023-01-25,126.22083333333335,53.143541666666664,351,36724.88,4393.73,32331.15,1805.3600000000001,610.49,1541.44,14732.89,366.0,14006.97,44.88255208333334,0.010416666666666666
2023-01-26,122.93338541666667,52.42630208333333,323,35484.88,4221.52,31263.36,1722.54,666.02,1477.3,14718.9,309.0,12987.6,42.985156249999996,0.020833333333333332
2023-01-27,130.75570833333333,55.174458333333334,451,49608.08,5474.16,44133.92,2269.42,785.33,2136.86,19893.44,381.0,19429.87,46.32816666666667,0.004166666666666667
2023-01-28,131.01016666666666,55.20804166666667,424,49061.35,5947.22,43114.13,2208.64,810.36,2023.86,20160.920000000002,360.0,18270.35,44.266125,0.0125
2023-01-29,130.43338541666665,54.711718749999996,354,39048.79,4684.31,34364.48,1802.74,623.47,1645.7,15559.119999999999,372.0,15105.45,45.54958333333334,0.005208333333333333
2023-01-30,137.8321875,58.88270833333333,365,40692.87,4055.56,36637.31,1788.56,659.61,1726.77,16467.8,342.0,16336.57,46.80239583333333,0.005208333333333333
2023-01-31,137.29125000000002,58.55322916666666,346,39462.26,4784.78,34677.48,1766.34,682.82,1713.07,15771.04,363.0,15107.210000000001,44.85182291666666,0.015625
2023-02-01,133.73364583333333,56.93927083333333,349,40595.72,4789.42,35806.3,1777.24,667.49,1681.04,16770.77,285.0,15194.76,44.88265625,0.015625
2023-02-02,133.414375,56.73619791666667,350,44229.76,5402.9800000000005,38826.78,1794.46,624.14,1871.48,18142.01,309.0,16703.69,44.496510416666666,0.015625
2023-02-03,123.99737499999999,52.76858333333333,436,46203.3,6253.09,39950.21,2217.58,772.9,1906.72,18526.14,465.0,16991.87,44.768166666666666,0.004166666666666667
2023-02-04,134.70079166666667,57.373958333333334,479,53615.21,6355.86,47259.35,2343.42,815.76,2218.08,21837.65,438.0,20482.44,45.73433333333333,0.004166666666666667
2023-02-05,140.92557291666665,60.973437499999996,338,39562.97,4335.61,35227.36,1792.52,649.35,1679.97,16213.13,348.0,15240.39,43.53489583333334,0.020833333333333332
2023-02-06,134.18333333333334,57.98765624999999,376,40742.13,4570.78,36171.35,1845.24,667.37,1738.75,16616.97,342.0,15645.02,44.65838541666667,0.015625
2023-02-07,136.91442708333332,58.684374999999996,349,40078.51,4959.81,35118.7,1787.52,639.64,1630.81,16489.15,276.0,14847.58,44.807604166666664,0.005208333333333333
2023-02-08,135.21041666666667,58.16473958333333,344,38464.66,4233.77,34230.89,1788.84,619.57,1618.06,15729.31,324.0,14799.11,46.026041666666664,0.010416666666666666
2023-02-09,131.34614583333334,56.348072916666666,338,37711.97,4474.46,33237.51,1769.8,628.14,1575.76,15441.16,357.0,14179.65,45.95932291666667,0.0
2023-02-10,133.01354166666667,55.90533333333334,394,44159.54,5092.94,39066.6,2183.92,795.76,1921.54,17513.65,387.0,17038.73,45.185583333333334,0.0
2023-02-11,125.57437499999999,53.17508333333333,466,50493.76,5745.35,44748.41,2295.52,811.38,2091.14,20533.51,450.0,19466.86,46.68783333333333,0.004166666666666667
2023-02-12,130.9971875,55.69166666666666,333,35212.28,4009.42,31202.86,1732.88,622.68,1473.56,14332.91,327.0,13367.83,45.1078125,0.010416666666666666
2023-02-13,134.23005208333333,57.53625,334,36733.64,4489.14,32244.5,1763.7,612.97,1593.4,14689.17,342.0,13927.26,44.345989583333335,0.005208333333333333
2023-02-14,144.37088541666665,62.00807291666666,376,45758.27,4974.39,40783.88,1833.54,637.32,1926.59,18791.93,279.0,17874.3,44.43536458333333,0.015625
2023-02-15,136.40786458333335,58.2959375,332,40175.7,4156.67,36019.03,1780.3,648.64,1692.02,16828.16,330.0,15399.91,43.54234374999999,0.020833333333333332
2023-02-16,121.41255208333332,51.10869791666667,359,36374.43,4132.39,32242.04,1815.96,657.71,1661.58,14076.82,363.0,14392.97,45.15739583333333,0.015625
2023-02-17,133.67154166666666,56.035833333333336,414,46966.11,6148.91,40817.2,2159.62,805.86,1910.19,19097.87,438.0,17281.66,44.303916666666666,0.020833333333333332
2023-02-18,130.68379166666668,54.42783333333333,452,48932.1,6110.28,42821.82,2275.28,827.6,2078.0,19485.94,408.0,18563.0,45.41658333333333,0.004166666666666667
2023-02-19,138.3340625,59.89963541666666,345,42526.82,5239.5,37287.32,1775.7,626.18,1720.09,17680.31,378.0,15863.039999999999,45.395312499999996,0.0
2023-02-20,127.36916666666667,53.91354166666667,334,36548.63,4566.91,31981.72,1736.38,639.95,1521.7,14964.65,363.0,13482.04,43.88765625,0.015625
2023-02-21,130.79828125,55.838541666666664,329,36661.4,4771.09,31890.31,1747.68,627.85,1515.17,14894.68,342.0,13449.78,44.37901041666667,0.010416666666666666
2023-02-22,132.26515625,55.57953125,353,39887.35,4604.73,35282.62,1783.8600000000001,666.5,1691.18,15989.76,282.0,15433.32,45.05734375,0.010416666666666666
2023-02-23,134.8465625,58.04994791666667,373,41014.38,4677.4800000000005,36336.9,1823.66,652.84,1704.54,16885.74,315.0,15585.12,45.68901041666667,0.010416666666666666
2023-02-24,133.65725,56.70733333333333,412,48926.73,5881.76,43044.97,2185.92,817.05,1965.39,20318.22,414.0,18172.39,44.83504166666667,0.008333333333333333
2023-02-25,128.44079166666668,53.89179166666667,456,52457.07,6303.4,46153.67,2285.58,843.79,2200.78,21184.29,390.0,20029.23,43.125125000000004,0.020833333333333332
2023-02-26,130.48552083333334,55.799479166666664,374,38882.4,4587.51,34294.89,1828.6,680.19,1605.8700000000001,15911.24,369.0,14637.99,46.32276041666666,0.005208333333333333
2023-02-27,133.51026041666668,56.28369791666666,335,37151.67,4143.91,33007.76,1757.2,636.05,1555.82,14911.27,327.0,14474.42,46.60666666666666,0.0
2023-02-28,132.95614583333332,57.28880208333334,324,38015.62,4848.87,33166.75,1719.56,617.27,1531.03,16039.65,315.0,13574.24,44.024739583333336,0.015625
2023-03-01,135.51333333333335,59.00848958333333,345,38454.31,4414.64,34039.67,1795.6200000000001,639.48,1568.63,16088.82,321.0,14268.12,44.849635416666665,0.010416666666666666
2023-03-02,131.05270833333333,55.56255208333334,338,39532.73,4728.24,34804.49,1781.74,615.97,1652.78,15928.31,366.0,15191.69,45.521458333333335,0.005208333333333333
2023-03-03,129.3795,54.544374999999995,446,46978.43,5763.2300000000005,41215.2,2281.0,819.5,1992.88,18600.52,402.0,17923.3,44.91704166666667,0.016666666666666666
2023-03-04,132.25720833333332,55.95104166666667,425,47618.38,5801.14,41817.24,2210.32,848.38,2015.68,19085.36,423.0,18080.5,43.28670833333333,0.020833333333333332
2023-03-05,126.87703125,52.35093749999999,341,35448.72,4279.71,31169.01,1777.94,666.0,1523.66,13920.960000000001,372.0,13652.45,45.48104166666667,0.010416666666666666
2023-03-06,128.65473958333334,54.59640625,361,37443.02,4854.49,32588.53,1808.42,609.79,1571.74,15063.460000000001,363.0,13898.12,44.68666666666667,0.005208333333333333
2023-03-07,134.01067708333332,55.885416666666664,347,40694.840000000004,5439.7,35255.14,1780.16,648.84,1656.53,16558.55,318.0,14929.06,44.659739583333334,0.010416666666666666
2023-03-08,125.61026041666666,52.80515625,345,35267.31,4054.67,31212.64,1800.14,635.95,1540.56,13748.64,312.0,13799.35,45.039843749999996,0.0
2023-03-09,136.44359375,58.87,348,40195.79,4948.46,35247.33,1775.1200000000001,638.91,1617.11,17007.84,324.0,14532.35,44.67911458333333,0.0
2023-03-10,132.16566666666665,55.58554166666667,422,43790.46,5122.52,38667.94,2216.42,828.4,1872.93,17173.7,384.0,16960.49,44.72520833333333,0.008333333333333333
2023-03-11,132.93225,55.94991666666667,438,45817.39,5600.94,40216.45,2263.84,803.86,1969.72,17948.88,423.0,17653.53,45.49733333333334,0.008333333333333333
2023-03-12,133.46562500000002,56.989583333333336,339,37350.93,4849.12,32501.81,1779.84,692.98,1539.63,15123.18,393.0,13759.18,44.42901041666667,0.005208333333333333
2023-03-13,131.36125,56.19567708333333,332,37746.44,4192.54,33553.9,1723.98,664.05,1522.81,15685.53,354.0,14311.53,45.345677083333335,0.005208333333333333
2023-03-14,136.35999999999999,58.415052083333336,354,41342.96,4924.35,36418.61,1783.42,627.9,1652.24,17239.01,294.0,15410.04,46.71473958333333,0.0
2023-03-15,137.87427083333333,58.868281249999995,373,43493.73,5216.16,38277.57,1839.24,634.78,1762.61,18074.15,312.0,16278.79,45.694583333333334,0.010416666666666666
2023-03-16,141.13166666666666,61.32265625,336,38774.37,4512.82,34261.55,1755.4,671.51,1598.29,16117.87,327.0,14445.48,44.78161458333333,0.010416666666666666
2023-03-17,123.11525,51.422958333333334,419,44341.78,5487.67,38854.11,2161.96,800.56,1866.74,17691.99,432.0,16764.86,45.107708333333335,0.004166666666666667
2023-03-18,142.227125,59.94583333333333,437,53298.45,6480.63,46817.82,2242.52,794.88,2218.86,21588.1,381.0,20354.46,46.19629166666667,0.004166666666666667
2023-03-19,132.69166666666666,55.457187499999996,342,38492.77,4586.75,33906.02,1776.98,665.03,1565.28,15768.99,357.0,14486.74,45.1284375,0.005208333333333333
2023-03-20,130.089375,55.05203125,343,37107.39,4247.55,32859.84,1783.3,666.61,1619.75,14691.5,297.0,14395.68,44.35822916666667,0.010416666666666666
2023-03-21,127.57510416666666,53.65479166666666,345,36819.15,4140.43,32678.72,1788.1200000000001,627.32,1573.94,14685.14,306.0,14310.2,45.84255208333334,0.0
2023-03-22,134.56557291666667,56.0165625,330,35570.34,4413.76,31156.58,1761.18,638.61,1537.41,13734.52,354.0,13838.86,46.62041666666667,0.0
2023-03-23,136.05880208333335,58.67807291666667,342,37299.98,4379.35,32920.63,1777.9,646.97,1568.01,15067.47,369.0,14229.28,45.302812499999995,0.015625
2023-03-24,133.66424999999998,57.013083333333334,446,47929.29,6175.57,41753.72,2249.08,814.79,1961.39,19530.66,420.0,17617.8,45.256125,0.004166666666666667
2023-03-25,138.5575,58.898875,449,52029.36,6661.16,45368.2,2254.58,815.25,2144.07,21021.64,414.0,19546.66,46.15704166666667,0.008333333333333333
2023-03-26,122.26437499999999,49.92036458333333,358,37767.52,4208.88,33558.64,1805.3400000000001,655.75,1628.73,15029.82,288.0,14727.0,45.41802083333334,0.015625
2023-03-27,126.27572916666666,53.49067708333333,363,39541.87,4435.28,35106.590000000004,1849.68,661.78,1624.44,16314.13,333.0,14989.56,44.82927083333333,0.005208333333333333
2023-03-28,131.34885416666665,55.93921875,340,38152.69,4429.64,33723.05,1753.72,684.44,1619.43,15369.68,351.0,14646.78,43.504375,0.020833333333333332
2023-03-29,125.3915625,52.55114583333333,322,36116.74,4089.16,32027.58,1748.16,652.8,1509.08,14646.65,363.0,13833.89,44.45140625,0.0
2023-03-30,137.71369791666666,60.04307291666667,368,42181.52,5338.11,36843.41,1837.5,652.7,1680.78,17725.14,360.0,15307.29,45.042239583333334,0.0
2023-03-31,137.73341666666664,59.12587499999999,455,53618.12,5995.84,47622.28,2273.36,801.99,2248.13,21991.63,258.0,20565.17,45.68516666666667,0.004166666666666667
2023-04-01,130.60908333333333,55.46233333333334,426,44931.06,5262.6,39668.46,2200.32,761.01,1921.15,17915.81,426.0,17296.17,46.46245833333333,0.0
2023-04-02,131.74791666666667,56.865156250000005,350,39793.54,4428.72,35364.82,1783.6200000000001,647.83,1596.41,16874.29,372.0,14834.67,45.146562499999995,0.005208333333333333
2023-04-03,128.02848958333334,54.133541666666666,344,37448.159999999996,4675.06,32773.1,1794.52,651.23,1613.9,14789.06,372.0,14296.39,44.80197916666666,0.005208333333333333
2023-04-04,130.92973958333332,54.91010416666666,344,39491.61,4818.29,34673.32,1772.5,663.07,1637.14,16156.05,324.0,14769.49,44.92270833333333,0.010416666666666666
2023-04-05,122.50958333333334,50.58375,331,35703.21,4262.51,31440.7,1732.42,662.13,1514.49,14197.19,375.0,13709.47,45.29385416666667,0.010416666666666666
2023-04-06,120.58630208333334,50.90109375,330,34835.71,4234.7,30601.01,1765.58,719.15,1489.79,13851.33,357.0,13132.16,41.2121875,0.026041666666666668
2023-04-07,124.34341666666667,53.371625,430,46377.49,5817.37,40560.12,2228.04,812.1,1928.1,18910.81,507.0,17188.07,45.2645,0.0125
2023-04-08,131.79429166666668,55.942458333333335,404,44667.57,5350.36,39317.21,2153.8,779.07,1860.34,18190.95,450.0,16783.05,44.680875,0.008333333333333333
2023-04-09,128.16395833333334,54.0678125,351,37449.12,4404.94,33044.18,1794.6200000000001,636.94,1666.1299999999999,14586.28,267.0,14627.21,45.06869791666667,0.010416666666666666
2023-04-10,131.45000000000002,55.66645833333333,342,37487.27,4713.92,32773.35,1774.28,650.76,1592.96,15047.24,306.0,14014.11,44.26442708333334,0.005208333333333333
2023-04-11,136.74734375,58.44088541666667,355,41394.36,5034.48,36359.88,1794.08,650.24,1708.67,17029.14,324.0,15501.85,43.611979166666664,0.010416666666666666
2023-04-12,136.61416666666668,57.64598958333334,348,41118.85,4985.73,36133.12,1763.76,665.53,1696.12,16701.12,315.0,15621.59,44.78932291666666,0.005208333333333333
2023-04-13,141.90156249999998,60.881510416666664,308,39395.08,4926.75,34468.33,1707.0,661.16,1600.7,16315.54,327.0,14510.93,43.773854166666666,0.010416666666666666
2023-04-14,132.16933333333333,56.499541666666666,445,48407.37,6246.44,42160.93,2267.06,841.19,1962.18,19974.8,438.0,17553.7,44.838625,0.004166666666666667
2023-04-15,134.65779166666667,57.81195833333334,433,47770.99,5848.29,41922.7,2250.5,805.63,2014.88,19210.41,414.0,18055.28,45.05233333333333,0.008333333333333333
2023-04-16,130.82734374999998,56.17963541666666,333,35015.94,4212.74,30803.2,1736.34,630.28,1499.91,13938.07,354.0,13352.6,45.903437499999995,0.0
2023-04-17,128.53817708333335,56.0165625,351,35721.79,4444.11,31277.68,1772.5,640.65,1489.08,14611.38,378.0,13142.07,44.34645833333334,0.015625
2023-04-18,128.39828125,54.92932291666667,357,38659.36,4439.67,34219.69,1787.8600000000001,669.68,1636.1299999999999,15715.25,354.0,14764.77,44.96630208333334,0.005208333333333333
2023-04-19,130.63229166666667,54.97593749999999,332,36627.97,4159.25,32468.72,1770.68,653.93,1538.73,14854.19,351.0,14002.72,44.080104166666665,0.005208333333333333
2023-04-20,125.504375,53.39807291666667,347,37367.39,4378.21,32989.18,1776.52,617.7,1607.78,14950.76,339.0,14375.42,44.1134375,0.005208333333333333
2023-04-21,132.111875,56.818083333333334,404,47899.12,5515.71,42383.41,2179.3,831.56,1975.11,19945.54,384.0,17835.9,43.75741666666667,0.008333333333333333
2023-04-22,134.32845833333334,58.03808333333333,412,45643.33,5502.44,40140.89,2208.04,804.5,1901.35,18561.36,438.0,17103.64,44.26404166666667,0.008333333333333333
2023-04-23,129.20291666666665,54.150104166666665,328,37696.85,4300.34,33396.51,1738.44,648.79,1540.84,15436.65,351.0,14382.79,45.59802083333333,0.010416666666666666
2023-04-24,131.64994791666666,56.17510416666667,358,38873.1,4574.57,34298.53,1787.54,654.28,1596.6299999999999,16155.03,411.0,14516.05,46.162760416666664,0.015625
2023-04-25,136.35760416666668,58.42984375,351,38513.47,4046.97,34466.5,1811.5,674.82,1651.05,15562.42,327.0,15095.63,44.88552083333334,0.026041666666666668
2023-04-26,133.82838541666666,58.399739583333336,364,43885.37,4983.76,38901.61,1840.0,622.77,1738.57,18942.78,306.0,16063.49,44.22161458333333,0.03125
2023-04-27,122.78744791666666,51.720416666666665,345,37210.9,4523.28,32687.62,1791.98,662.42,1580.73,14998.59,357.0,14012.46,42.636874999999996,0.03125
2023-04-28,131.49795833333332,56.264208333333336,431,46062.12,5538.76,40523.36,2231.96,793.52,1933.05,18660.9,435.0,17338.93,44.062875,0.03333333333333333
2023-04-29,129.157125,55.495041666666665,404,44383.56,5951.09,38432.47,2168.72,840.52,1823.15,18121.14,417.0,15895.94,42.959666666666664,0.0125
2023-04-30,134.90989583333334,58.18911458333333,337,39977.34,4569.49,35407.85,1763.0,632.64,1654.75,16694.64,330.0,14992.82,43.45166666666666,0.020833333333333332
2023-05-01,128.00833333333333,53.869739583333335,367,39434.82,4923.72,34511.1,1821.3600000000001,649.7,1736.84,15487.2,291.0,15107.0,44.58109375,0.0
2023-05-02,125.24619791666667,53.032031249999996,328,36286.95,4026.23,32260.72,1748.26,676.83,1486.92,14974.42,375.0,13749.29,44.658125000000005,0.015625
2023-05-03,133.8909375,58.033281249999995,323,37568.56,4609.98,32958.58,1723.56,669.43,1482.99,16154.66,354.0,13281.94,44.40479166666666,0.010416666666666666
2023-05-04,139.18161458333333,59.69104166666667,377,44884.85,5616.09,39268.76,1844.92,639.25,1853.71,18251.15,315.0,16994.73,45.733125,0.005208333333333333
2023-05-05,133.46087500000002,57.42520833333333,413,47889.3,5648.52,42240.78,2198.2,823.73,1925.19,19928.58,450.0,17815.08,43.675125,0.020833333333333332
2023-05-06,128.939875,55.3095,430,47410.02,5678.67,41731.35,2204.08,792.16,1936.36,19592.8,396.0,17601.95,44.246625,0.016666666666666666
2023-05-07,136.27088541666666,57.17583333333334,359,41970.08,4644.25,37325.83,1802.64,618.64,1849.36,16386.1,324.0,16993.09,46.0815625,0.005208333333333333
2023-05-08,130.94963541666667,55.17036458333333,341,39377.69,4417.26,34960.43,1788.84,622.24,1647.23,15766.83,318.0,15453.289999999999,46.43338541666666,0.010416666666666666
2023-05-09,131.36510416666667,55.426770833333336,352,37765.15,4703.31,33061.840000000004,1771.94,649.22,1551.07,15243.92,354.0,14199.69,45.5271875,0.0
2023-05-10,128.95317708333332,54.65291666666667,361,43683.47,5856.15,37827.32,1808.8600000000001,665.84,1802.19,18094.92,348.0,15803.51,45.12927083333333,0.005208333333333333
2023-05-11,134.72114583333334,57.046666666666674,333,38306.28,4664.62,33641.66,1727.38,614.52,1648.27,15244.15,336.0,14743.34,45.7696875,0.005208333333333333
2023-05-12,125.94583333333334,52.86420833333333,405,42448.53,4689.81,37758.72,2188.62,779.24,1829.2,16876.14,414.0,16499.52,45.69825,0.004166666666666667
2023-05-13,126.33083333333335,53.223166666666664,408,46497.65,5462.69,41034.96,2190.88,811.05,1888.99,19202.75,348.0,17289.29,44.167458333333336,0.008333333333333333
2023-05-14,135.27192708333334,58.43536458333333,343,36028.73,4363.21,31665.52,1792.68,651.32,1498.77,14584.62,345.0,13483.13,45.04791666666667,0.0
2023-05-15,123.96526041666665,51.73723958333333,350,36457.84,4446.16,32011.68,1824.98,662.66,1594.1,14368.86,291.0,13852.08,45.07526041666667,0.010416666666666666
2023-05-16,128.08807291666668,55.103489583333335,376,40572.72,5042.86,35529.86,1841.34,674.49,1698.99,16424.48,318.0,15208.56,44.49578125,0.010416666666666666
2023-05-17,127.53776041666667,53.44947916666666,328,33415.46,3965.7400000000002,29449.72,1718.8,702.5,1425.64,13142.54,345.0,12805.24,45.27895833333333,0.0
2023-05-18,138.31145833333332,58.89484375,363,43087.92,4805.52,38282.4,1812.9,660.6,1823.45,17376.42,306.0,16915.03,46.4175,0.0
2023-05-19,128.80450000000002,55.375625,431,48285.92,6111.71,42174.21,2227.32,788.68,2006.22,19605.82,462.0,18008.17,44.76854166666667,0.008333333333333333
2023-05-20,133.05954166666666,57.118291666666664,409,49635.96,5608.64,44027.32,2187.84,844.58,2033.75,21057.98,450.0,18353.17,44.47454166666667,0.0125
2023-05-21,139.34875,60.32265625,351,41868.8,5323.89,36544.909999999996,1768.3,640.74,1697.53,17448.38,336.0,15325.96,44.75895833333333,0.010416666666666666
2023-05-22,118.289375,49.69895833333334,321,33026.54,3688.01,29338.53,1721.54,641.75,1443.92,13191.15,354.0,12694.17,43.82395833333334,0.005208333333333333
2023-05-23,121.93276041666667,50.58182291666666,345,36321.05,4130.07,32190.98,1769.42,631.43,1541.13,14489.34,321.0,14080.66,45.19927083333334,0.005208333333333333
2023-05-24,131.3159375,55.47984374999999,354,38658.3,4548.25,34110.05,1810.54,652.15,1646.71,15327.3,372.0,15045.35,45.26479166666667,0.015625
2023-05-25,126.90885416666667,54.63755208333333,348,39183.01,4712.04,34470.97,1783.94,639.46,1660.1,16312.62,384.0,14458.85,43.26322916666667,0.020833333333333332
2023-05-26,126.954,53.055625,411,45204.53,5747.23,39457.3,2176.4,819.39,1885.49,18085.53,420.0,16910.49,43.589000000000006,0.025
2023-05-27,130.93045833333335,55.49129166666667,416,46690.02,5243.15,41446.87,2214.16,821.88,1979.02,18821.59,387.0,17997.22,44.774833333333326,0.004166666666666667
2023-05-28,137.03171875,58.76645833333333,335,38364.77,4566.09,33798.68,1747.54,667.74,1614.54,15553.05,282.0,14497.81,43.88661458333333,0.015625
2023-05-29,131.20807291666668,55.01572916666667,331,37639.97,4344.95,33295.02,1750.16,662.06,1593.66,15239.82,306.0,14355.32,44.751302083333336,0.005208333333333333
2023-05-30,132.80140624999999,55.89026041666667,377,41608.22,5731.76,35876.46,1846.88,639.26,1797.85,16262.07,282.0,15612.4,44.901041666666664,0.010416666666666666
2023-05-31,128.08791666666667,54.7521875,330,37446.83,4795.34,32651.489999999998,1756.06,656.22,1514.55,15528.289999999999,315.0,13511.37,44.09078125,0.0
2023-06-01,135.11546875,58.450885416666665,345,39722.82,4214.21,35508.61,1815.28,651.41,1641.65,16440.1,294.0,15254.17,44.26901041666667,0.020833333333333332
2023-06-02,133.88412499999998,56.59641666666666,414,46401.21,4977.86,41423.35,2189.7400000000002,792.7,1959.45,18812.75,462.0,18130.71,46.360083333333336,0.0
2023-06-03,127.430375,54.157666666666664,417,44041.87,5670.53,38371.34,2185.12,815.6,1827.65,17697.15,471.0,16316.82,45.024874999999994,0.004166666666666667
2023-06-04,129.80463541666668,54.99755208333334,352,38674.4,4670.84,34003.56,1783.56,664.57,1589.51,15750.0,330.0,14545.92,45.26223958333333,0.010416666666666666
2023-06-05,129.92453125,54.820625,331,36377.65,4657.24,31720.41,1714.06,642.67,1500.8799999999999,14599.34,315.0,13578.46,44.946666666666665,0.015625
2023-06-06,136.28755208333334,57.89895833333333,332,40148.5,5237.09,34911.41,1733.2,668.51,1626.05,16635.61,276.0,14524.04,44.06729166666667,0.010416666666666666
2023-06-07,135.0925,58.81364583333333,335,39002.14,4815.44,34186.7,1764.22,649.5,1604.51,16136.92,309.0,14340.55,43.645885416666665,0.015625
2023-06-08,128.1978125,54.30083333333334,355,41766.0,5224.4400000000005,36541.56,1806.06,651.04,1658.25,17274.3,366.0,15517.91,45.017656249999995,0.005208333333333333
2023-06-09,139.41145833333334,60.093291666666666,431,51025.79,6640.57,44385.22,2225.44,829.03,2123.62,20526.36,414.0,19094.77,44.836666666666666,0.0125
2023-06-10,129.281125,47.96875,443,46540.87,5614.88,40925.99,2250.58,833.23,2043.45,15361.74,426.0,20862.99,52.19258333333333,0.004166666666666667
2023-06-11,131.53859375,55.31333333333333,320,37531.22,4814.28,32716.94,1725.46,650.98,1574.3,15208.289999999999,297.0,13854.91,43.181562500000005,0.020833333333333332
2023-06-12,125.96015625,52.95578125,351,36604.79,4324.91,32279.88,1825.7,651.1899999999999,1559.3700000000001,14467.880000000001,414.0,14189.74,44.59494791666666,0.005208333333333333
2023-06-13,129.37416666666667,56.81203125,320,34086.93,4386.43,29700.5,1721.68,665.41,1450.19,13816.9,396.0,12442.32,43.5403125,0.010416666666666666
2023-06-14,136.27119791666667,58.40020833333333,323,39202.8,4930.87,34271.93,1742.96,624.01,1591.31,16263.78,312.0,14361.869999999999,44.13578125,0.010416666666666666
2023-06-15,131.56640625,56.231249999999996,335,37535.15,4134.51,33400.64,1793.7,654.46,1622.45,15177.15,342.0,14494.88,44.78927083333334,0.010416666666666666
2023-06-16,124.77216666666666,52.74533333333333,408,42698.21,5134.89,37563.32,2197.6,820.58,1825.47,16994.81,426.0,16150.86,44.91583333333333,0.0
2023-06-17,124.95441666666667,53.27554166666666,435,43528.63,5061.49,38467.14,2234.38,801.19,1831.69,17481.09,414.0,16532.79,44.778875,0.0
2023-06-18,130.15677083333333,54.82651041666667,335,39293.41,4797.09,34496.32,1752.42,646.69,1597.8799999999999,16214.01,270.0,14555.32,44.33880208333333,0.005208333333333333
2023-06-19,142.62651041666666,62.109375,335,42219.63,5238.94,36980.69,1767.28,661.11,1711.04,17623.75,297.0,15514.51,43.70036458333333,0.010416666666666666
2023-06-20,128.2621875,52.69911458333333,353,38770.06,4432.99,34337.07,1778.48,629.9399999999999,1682.8,15213.09,297.0,15329.76,45.98421875,0.005208333333333333
2023-06-21,138.58713541666665,60.379895833333336,332,38589.81,5037.96,33551.85,1737.34,598.67,1594.59,15893.869999999999,342.0,14069.38,44.59703124999999,0.010416666666666666
2023-06-22,131.06078125000002,55.484375,321,37362.79,4306.52,33056.27,1720.9,660.26,1546.45,15252.32,303.0,14179.34,44.718020833333334,0.005208333333333333
2023-06-23,135.49583333333334,58.427125000000004,440,50350.98,5738.22,44612.76,2239.34,840.7,2141.12,20401.79,396.0,19385.81,44.971374999999995,0.0125
2023-06-24,132.56895833333334,54.969375,466,51131.02,6078.92,45052.1,2341.0,815.46,2194.98,20314.19,441.0,19827.47,46.692249999999994,0.0
2023-06-25,127.91588541666665,54.32307291666667,345,40613.79,4636.05,35977.74,1808.3,645.63,1674.21,16932.49,324.0,15241.39,45.02453125,0.005208333333333333
2023-06-26,132.22666666666666,56.42213541666666,357,37160.31,4980.85,32179.46,1790.98,614.33,1573.09,14746.5,330.0,13784.56,46.311197916666664,0.0
2023-06-27,122.29328125,50.65296875000001,358,37837.75,4408.85,33428.9,1831.54,666.05,1578.37,15237.36,384.0,14499.58,45.15239583333334,0.010416666666666666
2023-06-28,126.21203125,52.9415625,314,36154.98,4681.32,31473.66,1743.48,654.21,1507.46,14695.369999999999,285.0,13158.14,41.497760416666665,0.046875
2023-06-29,132.49713541666668,56.47890625,336,39271.37,5064.98,34206.39,1752.96,637.3100000000001,1583.02,16443.03,348.0,14140.18,43.06401041666666,0.015625
2023-06-30,128.874875,55.32395833333333,448,49066.32,6183.47,42882.85,2281.5,800.79,1979.36,20507.08,441.0,17755.12,45.34916666666666,0.008333333333333333
2023-07-01,130.16804166666668,55.89879166666667,408,45516.7,5126.71,40389.99,2204.9,824.37,1940.66,18657.67,417.0,17179.39,43.9525,0.0125
2023-07-02,132.67010416666668,56.65609375,322,39467.090000000004,4878.77,34588.32,1736.9,674.82,1638.2,16415.23,312.0,14435.17,43.029895833333335,0.026041666666666668
2023-07-03,126.35015625,53.069583333333334,316,34694.83,4279.92,30414.91,1744.58,659.73,1461.14,13907.62,336.0,12977.84,43.56270833333334,0.005208333333333333
2023-07-04,129.53145833333335,55.28546875,317,35033.62,4159.28,30874.34,1761.56,666.9,1478.6,14354.51,372.0,12984.77,43.96,0.005208333333333333
2023-07-05,131.60145833333334,55.40083333333334,337,40286.94,5180.0199999999995,35106.92,1754.1200000000001,665.31,1605.44,16812.85,384.0,14653.2,44.47770833333333,0.010416666666666666
2023-07-06,132.50385416666668,56.87171875000001,355,40178.26,5058.31,35119.95,1792.34,659.96,1721.68,16170.01,348.0,15123.960000000001,44.20786458333333,0.010416666666666666
2023-07-07,126.56454166666667,53.16325,433,48268.98,6254.13,42014.85,2265.2200000000003,830.85,1986.64,19802.91,465.0,17594.23,44.61966666666667,0.0125
2023-07-08,135.54679166666668,57.220125,433,48837.44,6256.42,42581.02,2254.52,798.05,2042.01,19482.22,360.0,18364.22,45.284708333333334,0.0
2023-07-09,130.09526041666666,54.46734375,348,36229.27,4441.12,31788.15,1786.14,651.1,1568.26,14064.58,342.0,14060.07,45.36057291666666,0.005208333333333333
2023-07-10,129.40932291666667,53.89864583333334,358,37838.34,4587.62,33250.72,1820.48,633.14,1672.45,14621.18,324.0,14827.47,45.67723958333334,0.005208333333333333
2023-07-11,139.32276041666668,60.0375,342,39455.84,4776.37,34679.47,1777.52,614.5600000000001,1639.71,16024.24,387.0,15010.44,45.8134375,0.005208333333333333
2023-07-12,139.15302083333333,59.809010416666666,357,43535.56,4540.86,38994.7,1855.56,665.9,1799.72,18294.97,294.0,16672.55,45.232135416666665,0.015625
2023-07-13,130.754375,55.53854166666667,316,37696.52,4575.44,33121.08,1715.84,642.43,1521.2,15744.89,336.0,13832.72,44.10463541666667,0.005208333333333333
2023-07-14,131.07266666666666,55.76766666666666,427,44263.68,5800.69,38462.99,2224.32,810.68,1873.36,17433.38,375.0,16496.25,44.77670833333333,0.004166666666666667
2023-07-15,138.046875,58.47779166666667,418,51586.45,6785.58,44800.87,2175.54,760.14,2109.69,21126.78,423.0,19051.72,44.489625000000004,0.016666666666666666
2023-07-16,128.63270833333334,55.50666666666667,348,37691.78,4697.19,32994.59,1789.02,676.43,1532.93,15795.65,366.0,13566.56,43.772135416666664,0.020833333333333332
2023-07-17,131.34182291666667,54.97739583333333,334,38729.61,4813.35,33916.26,1765.76,617.45,1605.34,15676.26,300.0,14551.45,45.35166666666667,0.005208333333333333
2023-07-18,139.52494791666666,59.862552083333334,371,44422.42,5085.48,39336.94,1848.8400000000001,668.3,1812.63,18644.77,306.0,16668.4,46.23041666666666,0.010416666666666666
2023-07-19,129.77609375,56.43114583333334,339,36801.43,4645.49,32155.94,1763.34,655.94,1497.49,15380.26,384.0,13242.91,44.49369791666667,0.010416666666666666
2023-07-20,131.55166666666665,56.43895833333334,339,36358.69,4969.31,31389.38,1775.06,646.85,1464.14,14833.92,351.0,13020.41,44.3675,0.010416666666666666
2023-07-21,133.667,56.393375,439,48360.67,6130.25,42230.42,2250.04,826.65,2046.55,19028.72,405.0,18483.46,45.53220833333333,0.004166666666666667
2023-07-22,130.7595,55.41766666666667,404,45089.11,5456.18,39632.93,2200.62,792.47,1853.94,18355.19,432.0,16862.71,44.42883333333334,0.004166666666666667
2023-07-23,138.08505208333335,60.105,345,41147.07,4413.81,36733.26,1768.76,650.43,1677.04,17108.96,315.0,15843.07,44.361406249999995,0.005208333333333333
2023-07-24,139.15229166666668,59.27098958333334,349,41250.5,4657.99,36592.51,1790.78,679.42,1772.9,16599.829999999998,270.0,16019.58,43.991458333333334,0.026041666666666668
2023-07-25,136.38692708333335,58.368177083333336,351,38466.71,4447.67,34019.04,1814.08,678.09,1698.85,15044.66,291.0,15074.36,44.207760416666666,0.015625
2023-07-26,125.82901041666666,53.66546875,341,36461.9,4750.66,31711.24,1771.94,647.34,1505.71,14795.83,339.0,13329.42,44.625989583333336,0.010416666666666666
2023-07-27,129.85708333333335,54.001927083333335,335,36832.14,4274.13,32558.01,1762.16,643.79,1582.3,14542.95,315.0,14341.81,44.39416666666667,0.020833333333333332
2023-07-28,128.48854166666666,54.397708333333334,436,47302.22,5936.1,41366.12,2250.26,796.54,1981.85,18993.63,411.0,17754.84,44.29866666666667,0.0125
2023-07-29,138.350375,60.72616666666667,446,52969.19,6783.49,46185.7,2238.02,805.5,2127.57,22302.38,396.0,19108.23,44.287875,0.016666666666666666
2023-07-30,131.50588541666667,57.31369791666666,356,37139.51,4424.9,32714.61,1843.38,662.08,1516.67,15367.66,390.0,13714.82,45.25114583333333,0.005208333333333333
2023-07-31,130.52697916666668,55.25677083333333,318,36921.26,4534.43,32386.829999999998,1716.38,632.46,1515.83,15145.05,321.0,13698.11,44.388697916666665,0.010416666666666666
2023-08-01,124.05072916666667,53.44286458333334,378,39348.07,4432.66,34915.41,1862.16,671.42,1609.5,16186.16,375.0,14961.17,45.117604166666666,0.005208333333333333
2023-08-02,136.76786458333333,57.9103125,339,40025.83,4934.26,35091.57,1786.54,639.6,1653.65,16352.32,243.0,14902.46,43.97177083333333,0.026041666666666668
2023-08-03,133.67770833333333,56.29984375,373,40498.71,4528.38,35970.33,1841.16,642.98,1744.74,15700.63,246.0,16286.82,46.864583333333336,0.005208333333333333
2023-08-04,131.74808333333334,56.81125,416,46419.45,5352.66,41066.79,2204.9,793.49,1893.52,19114.34,423.0,17483.54,43.85254166666667,0.004166666666666667
2023-08-05,134.85154166666666,57.67941666666666,436,50427.16,6352.03,44075.13,2250.04,834.24,2014.49,20838.87,399.0,18536.49,45.189875,0.004166666666666667
2023-08-06,124.21052083333332,52.44052083333333,350,37157.729999999996,4796.06,32361.67,1788.1000000000001,674.46,1569.19,14806.87,399.0,13922.05,43.98578125,0.005208333333333333
2023-08-07,130.98692708333334,56.52458333333333,338,35591.37,4240.05,31351.32,1774.96,649.96,1528.12,14276.86,279.0,13400.42,44.24937499999999,0.0
2023-08-08,129.89119791666667,54.61901041666667,352,39024.26,4496.27,34527.99,1828.64,682.91,1661.72,15672.23,327.0,15009.49,45.67458333333334,0.0
2023-08-09,134.39005208333333,56.79171875,322,36635.18,4743.4,31891.78,1724.68,683.41,1535.67,14588.289999999999,321.0,13680.73,43.849322916666665,0.015625
2023-08-10,128.02151041666667,55.26088541666667,363,40367.25,5012.52,35354.73,1824.74,644.43,1613.42,16844.57,372.0,14799.57,44.585156250000004,0.010416666666666666
2023-08-11,125.052875,52.654250000000005,416,40971.31,5060.57,35910.74,2200.28,797.79,1728.58,16362.14,417.0,15238.95,45.506166666666665,0.0
2023-08-12,140.53316666666666,60.09504166666667,434,53927.57,6820.24,47107.33,2272.26,816.91,2219.11,22075.54,390.0,20113.51,45.82166666666667,0.004166666666666667
2023-08-13,136.76057291666666,57.427135416666665,337,38654.65,4609.95,34044.7,1747.26,620.61,1635.75,15624.11,303.0,14719.97,44.990312499999995,0.010416666666666666
2023-08-14,125.19442708333334,53.04546875,344,39001.94,4331.35,34670.590000000004,1768.82,650.96,1649.17,15933.12,363.0,15031.52,45.34765625,0.020833333333333332
2023-08-15,125.81223958333334,53.17796875,321,33241.79,4216.4,29025.39,1722.08,652.98,1445.5,13113.63,297.0,12388.2,43.38921875,0.020833333333333332
2023-08-16,129.084375,54.323229166666664,345,41070.27,4241.84,36828.43,1789.96,664.37,1769.57,16642.98,297.0,16258.55,44.54151041666666,0.010416666666666666
2023-08-17,131.01973958333335,54.99395833333333,329,38307.96,4875.94,33432.02,1764.2,634.87,1592.74,15385.55,357.0,14411.66,44.49588541666666,0.020833333333333332
2023-08-18,132.812125,57.09345833333334,445,46744.85,5566.44,41178.41,2247.98,779.49,1953.21,18821.1,471.0,17847.63,46.313875,0.004166666666666667
2023-08-19,131.84491666666665,57.131791666666665,423,47898.28,6353.88,41544.4,2208.98,827.44,1919.43,19985.15,429.0,17033.58,43.974291666666666,0.016666666666666666
2023-08-20,130.98739583333335,55.5009375,350,39406.2,4846.65,34559.55,1806.16,641.42,1556.13,16640.32,351.0,14266.52,44.89692708333334,0.010416666666666666
2023-08-21,132.03890625,56.015833333333326,356,41769.87,4835.83,36934.04,1797.1200000000001,638.85,1769.76,16759.25,273.0,16242.06,45.50479166666667,0.010416666666666666
2023-08-22,130.45624999999998,56.33901041666667,341,35282.62,4132.82,31149.8,1766.1200000000001,659.53,1537.97,14003.07,339.0,13522.11,45.875781249999996,0.005208333333333333
2023-08-23,127.64072916666667,54.660937499999996,352,38291.86,4675.67,33616.19,1809.58,642.8,1545.31,15975.32,393.0,14036.18,45.00630208333333,0.010416666666666666
2023-08-24,139.63104166666668,59.335,355,43148.48,5424.39,37724.090000000004,1799.82,665.65,1764.87,17655.1,321.0,16159.65,45.73,0.010416666666666666
2023-08-25,131.788125,56.420541666666665,424,46462.38,6368.03,40094.35,2193.62,824.65,1940.46,18723.0,450.0,16862.62,44.21520833333333,0.0125
2023-08-26,138.11558333333332,59.689875,383,44507.72,5128.71,39379.01,2105.76,811.2,1776.66,18759.85,411.0,16336.54,44.36420833333333,0.0125
2023-08-27,128.34395833333335,56.240260416666665,325,35987.0,4550.2,31436.8,1750.2,644.49,1473.57,14848.789999999999,354.0,13073.75,43.06067708333333,0.020833333333333332
2023-08-28,139.50208333333333,60.46416666666667,334,40334.86,4593.68,35741.18,1740.64,650.3,1630.18,17004.83,285.0,15000.23,45.35375,0.005208333333333333
2023-08-29,134.98453125,57.854166666666664,330,40025.7,4754.53,35271.17,1752.68,656.69,1617.05,16832.77,336.0,14747.98,43.938593749999995,0.010416666666666666
2023-08-30,129.88750000000002,57.03229166666667,364,39987.0,4457.97,35529.03,1825.8400000000001,650.02,1648.42,16672.36,348.0,15080.39,44.66463541666667,0.010416666666666666
2023-08-31,131.2865625,55.60541666666666,339,37065.33,4669.25,32396.079999999998,1774.5,633.73,1543.4,14955.83,333.0,13821.62,44.15838541666667,0.010416666666666666
2023-09-01,136.87325,58.14866666666667,447,51576.28,6450.28,45126.0,2238.32,803.23,2148.53,20640.73,441.0,19736.19,45.850500000000004,0.0
2023-09-02,132.941125,56.418375,439,47861.48,6361.47,41500.01,2234.02,792.57,1986.18,19207.25,456.0,17735.99,45.471374999999995,0.0
2023-09-03,126.3334375,54.25244791666666,350,38809.02,4665.8,34143.22,1789.1,620.86,1623.27,16110.24,333.0,14332.75,45.43348958333333,0.005208333333333333
2023-09-04,135.67020833333333,57.97229166666667,327,39992.93,4764.54,35228.39,1725.1,662.13,1699.14,16311.69,288.0,15118.33,44.56166666666667,0.010416666666666666
2023-09-05,121.16781250000001,51.17864583333333,354,35560.02,4490.95,31069.07,1784.48,662.02,1474.62,14344.1,378.0,13181.85,45.88822916666667,0.0
2023-09-06,128.21421875000001,54.255937499999995,348,35887.81,4581.54,31306.27,1779.0,646.3,1528.15,14072.96,291.0,13570.86,44.024791666666665,0.015625
2023-09-07,128.43869791666665,54.95739583333333,329,37465.69,4628.06,32837.63,1751.66,649.31,1524.54,15415.89,348.0,13844.23,44.162083333333335,0.015625
2023-09-08,128.91920833333333,53.91220833333333,435,47669.09,5247.47,42421.62,2232.04,813.03,2079.61,18657.97,354.0,18992.97,45.67279166666666,0.008333333333333333
2023-09-09,129.41333333333333,54.82904166666666,437,45375.21,5067.73,40307.479999999996,2257.62,754.43,1968.58,17673.52,441.0,18094.33,45.881166666666665,0.008333333333333333
2023-09-10,127.47010416666666,53.489010416666666,360,38572.08,4566.66,34005.42,690.96,627.29,1678.33,15035.78,288.0,16261.06,56.956875,0.0
2023-09-11,137.93427083333333,60.13296875,350,38394.58,4415.64,33978.94,1793.96,681.91,1589.63,15650.38,339.0,14602.06,44.3803125,0.026041666666666668
2023-09-12,134.42609375,56.251875000000005,348,39614.4,5032.68,34581.72,1783.56,629.09,1660.17,15764.84,327.0,15071.06,46.0,0.005208333333333333
2023-09-13,131.45979166666666,56.35302083333334,370,41558.48,4826.44,36732.04,1837.9,638.0,1752.89,17038.79,348.0,15812.460000000001,45.27406250000001,0.010416666666666666
2023-09-14,128.67354166666667,53.82083333333333,343,38193.9,4766.5199999999995,33427.38,1797.3600000000001,661.48,1602.91,15109.39,348.0,14604.24,45.62484375,0.0
2023-09-15,133.64849999999998,56.81375,423,47685.31,5479.44,42205.87,2216.94,794.9,2063.42,19219.77,411.0,18321.84,45.652375,0.0
2023-09-16,138.01749999999998,59.32008333333333,470,52682.34,6816.09,45866.25,2309.64,793.96,2230.71,21107.13,405.0,19829.81,45.068083333333334,0.008333333333333333
2023-09-17,129.87145833333332,55.98473958333333,347,38365.26,4275.52,34089.74,1782.16,673.69,1613.68,15697.69,333.0,14655.52,43.8890625,0.020833333333333332
2023-09-18,123.28822916666667,51.24505208333333,318,33501.22,4229.26,29271.96,1731.8600000000001,647.88,1401.41,13218.8,351.0,12623.01,44.092447916666664,0.010416666666666666
2023-09-19,132.56494791666668,56.627031249999995,370,42165.73,4773.29,37392.44,1864.24,657.42,1774.87,17103.47,267.0,16259.44,44.79390625,0.010416666666666666
2023-09-20,132.50744791666668,56.884739583333335,385,44460.1,5274.56,39185.54,1891.92,608.4,1796.21,18831.76,336.0,16393.25,46.08489583333333,0.0
2023-09-21,137.64546875,59.7734375,348,40638.9,5324.16,35314.74,1783.6200000000001,647.31,1636.1200000000001,16969.68,327.0,14605.01,44.12338541666667,0.015625
2023-09-22,129.76720833333334,54.968125,404,45478.36,5672.89,39805.47,2203.96,789.55,1920.61,18221.78,411.0,17080.57,43.90779166666667,0.0125
2023-09-23,126.41758333333334,53.292500000000004,411,46212.72,5649.28,40563.44,2189.4,824.23,1904.59,18992.89,423.0,17075.33,43.381708333333336,0.016666666666666666
2023-09-24,133.50098958333334,57.16395833333333,338,37486.13,4484.72,33001.409999999996,1756.04,643.16,1532.92,15438.83,351.0,13981.46,44.05854166666666,0.0
2023-09-25,132.24270833333333,55.90869791666666,367,40966.75,5117.12,35849.63,1827.84,664.5,1751.13,16283.72,276.0,15598.44,45.59734375,0.005208333333333333
2023-09-26,133.25947916666667,57.323437500000004,369,42399.82,4834.6900000000005,37565.13,1840.72,661.91,1757.59,17618.13,324.0,16014.07,45.02401041666667,0.005208333333333333
2023-09-27,128.20286458333334,54.93572916666667,350,37035.83,4337.76,32698.07,1819.3,652.42,1568.43,14923.61,360.0,14094.31,44.11807291666667,0.015625
2023-09-28,131.87031249999998,56.712291666666665,335,36787.88,4352.1,32435.78,1745.08,653.28,1609.54,14715.24,324.0,14036.64,44.206614583333334,0.015625
2023-09-29,127.43254166666667,54.03395833333333,434,48487.82,5556.53,42931.29,2240.48,824.71,2005.6,19793.79,417.0,18483.71,44.85741666666667,0.016666666666666666
2023-09-30,128.12654166666667,54.12595833333333,438,49269.090000000004,6941.79,42327.3,2220.76,809.7,1947.41,20767.94,471.0,17052.49,44.02929166666667,0.0125
2023-10-01,132.5703125,55.924114583333335,342,38673.37,4439.01,34234.36,1750.6200000000001,661.08,1632.99,15523.44,354.0,15020.23,44.90953124999999,0.005208333333333333
2023-10-02,129.90927083333335,56.21005208333333,328,40038.4,4619.1,35419.3,1753.58,658.1,1621.77,17247.61,330.0,14468.24,44.23427083333333,0.010416666666666666
2023-10-03,131.79817708333334,54.83473958333334,333,36892.05,4763.6,32128.45,1735.4,660.2,1568.03,14352.93,306.0,14117.89,44.55453125,0.010416666666666666
2023-10-04,124.03536458333333,52.192708333333336,350,35220.96,4498.32,30722.64,1797.96,648.23,1469.41,14147.95,351.0,13010.09,44.0065625,0.010416666666666666
2023-10-05,129.65708333333333,54.001927083333335,381,43455.97,5086.26,38369.71,1842.26,661.39,1763.03,17638.96,348.0,16812.07,45.491197916666664,0.015625
2023-10-06,139.66895833333334,59.97541666666667,452,51848.51,6481.45,45367.06,2275.02,829.05,2152.84,21050.34,420.0,19479.81,45.62420833333333,0.0
2023-10-07,128.822,54.528,421,47315.89,5591.6,41724.29,2212.38,770.0,1919.96,19463.16,456.0,17814.79,45.31125,0.0125
2023-10-08,134.05786458333333,57.19916666666666,352,41326.63,4954.53,36372.1,1803.46,681.91,1672.32,17152.92,342.0,15403.49,44.248072916666665,0.020833333333333332
2023-10-09,132.76776041666668,56.4071875,327,37030.9,4337.88,32693.02,1747.42,620.88,1549.6,15121.05,366.0,14020.07,43.67994791666666,0.010416666666666666
2023-10-10,132.03421875,55.65979166666667,346,38087.79,4694.96,33392.83,1773.48,646.77,1587.28,15444.01,306.0,14247.29,44.641927083333336,0.010416666666666666
2023-10-11,131.45239583333333,56.38635416666667,318,34920.61,4768.85,30151.76,1700.18,634.49,1471.07,14002.38,369.0,12712.64,43.24197916666666,0.015625
2023-10-12,129.49026041666667,54.869739583333335,311,33206.7,4179.03,29027.670000000002,1682.14,616.75,1374.6,13493.42,321.0,12181.76,44.923906249999995,0.015625
2023-10-13,126.03616666666667,53.06404166666667,401,40749.54,5466.55,35282.99,2123.02,810.06,1745.77,16045.89,459.0,15017.25,43.739124999999994,0.0125
2023-10-14,130.30425,56.07733333333333,435,47567.729999999996,5298.51,42269.22,2250.06,800.9,1953.65,19686.21,456.0,18034.4,44.647041666666674,0.008333333333333333
2023-10-15,126.63583333333334,53.13666666666666,357,36552.42,4437.87,32114.55,1795.48,643.37,1610.23,14176.15,288.0,14177.32,44.9375,0.010416666666666666
2023-10-16,125.33302083333332,52.334843750000005,337,34802.9,4432.12,30370.78,1762.6200000000001,649.02,1507.41,13735.62,375.0,13091.11,45.146197916666665,0.005208333333333333
2023-10-17,135.59755208333334,59.13796875,353,41359.41,4578.97,36780.44,1778.7,630.5,1714.44,17282.39,405.0,15779.41,46.401041666666664,0.005208333333333333
2023-10-18,131.16010416666668,55.38947916666667,324,36307.54,4277.85,32029.69,1723.1200000000001,636.71,1505.76,14820.47,309.0,13652.63,45.310468750000005,0.005208333333333333
2023-10-19,142.79369791666667,62.05416666666667,346,41775.85,5475.94,36299.91,1760.84,623.59,1632.1299999999999,17762.72,339.0,14859.63,45.214062500000004,0.005208333333333333
2023-10-20,129.14770833333333,54.723875,458,50119.34,6217.48,43901.86,2287.54,815.4,2086.8,20549.32,393.0,18555.8,45.07879166666667,0.008333333333333333
2023-10-21,135.63945833333335,57.256,454,49761.83,6109.9,43651.93,2294.2400000000002,777.3,2096.94,19789.18,420.0,19114.27,45.461958333333335,0.004166666666666667
2023-10-22,144.44098958333333,63.51932291666666,338,42104.07,4814.65,37289.42,1762.02,612.51,1744.4,17612.42,312.0,15870.07,45.333958333333335,0.0
2023-10-23,126.44427083333333,53.51942708333333,367,39113.55,4361.99,34751.56,1856.04,644.5,1653.92,15665.0,297.0,15229.1,44.27390625,0.015625
2023-10-24,130.56046875,55.65567708333333,339,40277.47,4263.56,36013.909999999996,1783.98,643.0,1655.89,16834.71,318.0,15414.33,44.2725,0.005208333333333333
2023-10-25,130.36364583333332,55.33770833333333,378,38040.2,4489.81,33550.39,1836.8,648.13,1655.07,14996.15,366.0,14780.24,45.629322916666666,0.005208333333333333
2023-10-26,125.03822916666667,53.22302083333333,339,34245.83,3861.89,30383.94,1762.6200000000001,668.37,1480.56,13479.67,363.0,13355.72,44.88234375,0.005208333333333333
2023-10-27,129.33979166666666,54.9365,453,47460.74,5471.45,41989.29,2328.52,837.65,2036.35,19016.7,471.0,18241.07,45.3455,0.0125
2023-10-28,135.04025,58.31754166666667,435,49132.23,5863.65,43268.58,2258.64,834.81,2019.89,20488.96,399.0,18065.28,44.159125,0.016666666666666666
2023-10-29,142.92145833333333,61.98458333333334,356,44555.83,5444.24,39111.59,1808.0,630.76,1789.42,18830.59,369.0,16421.82,44.481249999999996,0.010416666666666666
2023-10-30,132.69385416666668,56.92953125,335,40008.1,4926.94,35081.16,1766.1,655.08,1682.42,16503.47,339.0,14813.09,43.54828125,0.015625
2023-10-31,133.79447916666666,56.663281250000004,347,38872.44,4447.74,34424.7,1776.6200000000001,670.79,1639.55,15601.92,402.0,15137.82,45.87104166666666,0.010416666666666666
2023-11-01,128.54880208333333,54.844843749999995,364,42405.93,4628.0,37777.93,1804.82,627.98,1747.97,17620.81,363.0,16339.35,45.39395833333333,0.005208333333333333
2023-11-02,137.34953125,59.209843750000005,348,39419.3,4733.78,34685.52,1801.1200000000001,653.52,1639.31,16050.5,282.0,14823.07,43.10296875,0.020833333333333332
2023-11-03,134.87,57.08925,435,50204.13,7016.29,43187.84,2220.08,826.57,2075.31,20243.42,372.0,18194.46,43.65495833333333,0.020833333333333332
2023-11-04,124.98495833333332,51.879000000000005,432,47844.13,5610.66,42233.47,2228.6,834.57,2034.37,19072.98,408.0,18470.95,45.05883333333334,0.008333333333333333
2023-11-05,131.10010416666668,55.85791666666666,349,39622.2,5061.38,34560.82,1784.28,637.07,1635.9,16293.27,324.0,14534.3,45.80953125,0.005208333333333333
2023-11-06,133.6553125,57.46921875,356,40815.27,4750.71,36064.56,1799.5,639.49,1640.75,17133.75,288.0,15139.07,45.21541666666667,0.015625
2023-11-07,152.15234375,65.58505208333334,348,43950.84,5678.07,38272.77,1787.44,658.3,1798.54,17906.72,321.0,16442.77,44.90197916666667,0.015625
2023-11-08,132.77020833333333,56.36692708333334,355,37702.85,4759.51,32943.34,1797.8,681.72,1573.78,15059.8,336.0,14166.24,45.5171875,0.005208333333333333
2023-11-09,123.5696875,52.0234375,338,38417.41,5064.41,33353.0,1778.26,627.97,1569.96,15939.74,336.0,13775.0,42.561145833333335,0.020833333333333332
2023-11-10,126.94408333333334,54.12066666666667,403,45051.92,5648.6,39403.32,2141.2400000000002,806.9,1897.69,18315.58,405.0,16646.91,43.150083333333335,0.016666666666666666
2023-11-11,134.45225,58.622458333333334,425,48924.63,5787.96,43136.67,2207.2,809.29,1983.94,20585.34,429.0,17979.9,44.10070833333334,0.0125
2023-11-12,131.23791666666668,56.46838541666667,354,39405.68,4909.06,34496.62,1817.34,649.85,1637.87,15901.63,396.0,14885.93,44.55744791666667,0.0
2023-11-13,133.3575,57.75375,368,40453.58,5200.4800000000005,35253.1,1826.72,650.93,1686.08,16392.44,315.0,15012.02,44.37583333333333,0.015625
2023-11-14,126.28739583333333,54.72119791666666,329,36465.32,4595.55,31869.77,1757.76,645.2,1481.92,15154.82,348.0,13178.07,42.930416666666666,0.020833333333333332
2023-11-15,128.33192708333334,54.99281250000001,345,38342.24,4793.64,33548.6,1764.5,623.0,1546.97,15827.37,351.0,14137.76,44.471666666666664,0.005208333333333333
2023-11-16,138.90317708333333,60.046093750000004,343,41424.08,4436.32,36987.76,1751.56,670.14,1655.1,17622.67,339.0,15627.29,44.19578125,0.015625
2023-11-17,130.02108333333334,54.913625,455,48892.24,5934.73,42957.51,2261.32,826.08,2094.95,19407.19,363.0,18730.97,45.46279166666667,0.004166666666666667
2023-11-18,131.53129166666665,56.334666666666664,405,44824.15,5664.37,39159.78,2147.36,825.96,1801.84,18675.31,420.0,16129.31,43.53495833333333,0.0125
2023-11-19,126.76526041666666,54.62322916666667,312,33550.23,3548.88,30001.35,1701.48,695.01,1421.44,13649.0,324.0,12858.42,42.983645833333334,0.020833333333333332
2023-11-20,131.22598958333333,54.356249999999996,316,36353.8,4356.19,31997.61,1711.2,626.44,1511.72,14461.52,318.0,14004.73,45.11182291666666,0.0
2023-11-21,133.69854166666667,56.72869791666667,358,43112.52,4829.27,38283.25,1832.6200000000001,654.52,1780.68,17706.41,306.0,16615.57,44.71994791666666,0.005208333333333333
2023-11-22,141.75151041666666,60.99541666666667,346,40345.88,5391.1,34954.78,1766.48,652.62,1638.1299999999999,16437.74,261.0,14720.81,44.20453125,0.015625
2023-11-23,136.1796875,57.75171875,348,42529.67,5271.56,37258.11,1758.8,603.94,1646.72,17997.510000000002,312.0,15563.14,46.349687499999995,0.005208333333333333
2023-11-24,134.12141666666668,56.73404166666667,429,51869.57,6025.0,45844.57,2219.08,778.8,2179.09,21365.91,420.0,19721.69,44.81495833333334,0.008333333333333333
2023-11-25,129.7365,55.11695833333333,427,47257.01,5511.8,41745.21,2202.2,801.71,1971.83,19226.52,399.0,17941.95,44.67495833333333,0.016666666666666666
2023-11-26,125.98328125,53.47942708333333,370,37903.12,4239.49,33663.63,1847.8600000000001,640.87,1584.08,15354.89,309.0,14544.93,45.19078124999999,0.015625
2023-11-27,138.17067708333335,60.23010416666667,342,37051.68,4581.4,32470.28,1773.92,661.47,1528.87,15130.9,375.0,13750.12,43.73520833333333,0.026041666666666668
2023-11-28,131.46083333333334,56.55630208333333,344,36776.57,4884.44,31892.13,1770.42,650.63,1457.86,15212.13,360.0,13161.09,43.537187499999995,0.026041666666666668
2023-11-29,124.57249999999999,52.89463541666667,329,35880.73,4407.41,31473.32,1758.66,656.14,1476.6299999999999,14765.63,318.0,13134.26,42.317187499999996,0.026041666666666668
2023-11-30,127.35838541666668,54.11541666666667,353,39337.25,4251.68,35085.57,1778.5,665.47,1613.27,16456.36,297.0,14868.97,43.979375000000005,0.020833333333333332
2023-12-01,127.957375,54.477041666666665,410,47237.76,5487.97,41749.79,2175.14,823.48,1936.18,19566.25,402.0,17650.74,43.322125,0.008333333333333333
2023-12-02,131.189125,55.224666666666664,462,54199.25,6131.45,48067.8,2266.36,819.95,2313.12,21862.19,390.0,21196.18,45.25195833333333,0.008333333333333333
2023-12-03,128.95244791666667,54.24765625,340,34859.44,4473.61,30385.83,1754.84,678.7,1517.98,13377.51,327.0,13383.8,45.91442708333333,0.0
2023-12-04,138.91265625,60.90317708333333,344,40465.68,4617.82,35847.86,1792.16,651.76,1633.61,17052.6,300.0,15017.73,44.552812499999995,0.005208333333333333
2023-12-05,127.14072916666667,54.06677083333333,355,39768.28,4824.4,34943.88,1814.2,638.22,1679.53,16213.36,321.0,14919.57,44.75776041666666,0.005208333333333333
2023-12-06,135.66239583333333,57.614947916666665,354,39459.2,4670.68,34788.520000000004,1840.34,625.22,1669.91,15940.23,315.0,15027.82,45.81765625,0.0
2023-12-07,128.39572916666665,53.72739583333333,348,38444.21,4691.72,33752.49,1811.76,616.39,1649.61,15215.62,294.0,14753.11,44.67697916666666,0.015625
2023-12-08,128.03491666666667,54.40333333333333,459,47781.65,5334.17,42447.48,2314.5,822.58,2036.47,19005.920000000002,411.0,18679.01,45.656958333333336,0.0
2023-12-09,124.34666666666666,53.25425,378,44065.38,5103.84,38961.54,2078.86,765.33,1832.56,18265.19,438.0,16457.6,43.673625,0.008333333333333333
2023-12-10,134.61359375,57.60088541666667,332,37208.2,4308.26,32899.94,1803.1000000000001,637.34,6690.7,15181.64,312.0,8899.16,36.89609375,0.10416666666666667
2023-12-11,129.62833333333333,55.21578125,352,38986.77,4581.36,34405.41,1805.78,655.52,1597.52,16017.95,300.0,14628.64,44.1059375,0.015625
2023-12-12,140.05354166666666,59.26416666666666,348,41551.86,4947.77,36604.09,1788.96,621.5,1701.69,17025.08,300.0,15766.86,45.49520833333333,0.010416666666666666
2023-12-13,131.04770833333333,55.273125,342,37858.78,4951.66,32907.12,1771.54,654.29,1562.46,15266.42,342.0,13994.41,45.174375,0.005208333333333333
2023-12-14,140.27296875,60.075520833333336,315,38860.55,4165.23,34695.32,1711.08,664.61,1613.05,16074.95,366.0,14997.63,45.14463541666667,0.005208333333333333
2023-12-15,132.90020833333332,56.22604166666667,411,45364.63,5400.07,39964.56,2226.58,805.23,1888.8,18379.18,489.0,17153.77,44.22683333333334,0.020833333333333332
2023-12-16,129.26975000000002,54.15054166666666,451,49419.85,5983.47,43436.38,2286.34,830.14,2053.19,20022.56,459.0,18703.15,45.48379166666667,0.0125
2023-12-17,131.24458333333334,54.88453125,332,37921.64,4337.17,33584.47,1725.14,640.9,1579.56,15414.07,366.0,14590.8,45.30447916666666,0.0
2023-12-18,133.59151041666667,57.36234375,323,37395.16,4297.21,33097.95,1750.16,633.3,1592.54,15240.2,282.0,14163.75,44.05734375,0.010416666666666666
2023-12-19,130.46869791666668,56.267604166666665,338,38831.68,4621.33,34210.35,1764.64,645.38,1581.78,16146.83,348.0,14419.72,43.52859375,0.020833333333333332
2023-12-20,127.3596875,54.38979166666667,362,37849.57,4399.46,33450.11,1797.58,634.27,1574.31,15252.42,360.0,14551.53,45.5275,0.0
2023-12-21,131.32416666666668,55.403124999999996,332,37628.42,4631.0,32997.42,1764.52,645.48,1558.12,15275.41,306.0,14059.89,45.13625,0.005208333333333333
2023-12-22,136.19312499999998,58.528,438,49373.17,5761.47,43611.7,2247.06,833.17,2023.58,20332.51,402.0,18577.38,45.26591666666666,0.004166666666666667
2023-12-23,135.59258333333335,57.54054166666666,456,53923.24,6637.05,47286.19,2295.16,816.83,2233.32,21971.97,432.0,20400.91,45.193416666666664,0.020833333333333332
2023-12-24,131.46,55.311770833333334,344,38058.83,4814.63,33244.2,1770.78,610.08,1575.46,15243.02,309.0,14353.86,46.10244791666667,0.0
2023-12-25,126.38729166666667,52.11489583333333,361,37082.78,4707.49,32375.29,1822.2,651.62,1592.63,14521.91,297.0,14083.93,44.3596875,0.015625
2023-12-26,137.77328125,59.348645833333336,353,45344.67,5955.51,39389.159999999996,1780.78,643.87,1797.31,19343.68,324.0,16147.52,45.40380208333334,0.005208333333333333
2023-12-27,138.72869791666668,60.13921875,345,39123.15,4297.49,34825.66,1782.76,658.08,1622.23,16338.4,330.0,14754.78,43.70645833333333,0.020833333333333332
2023-12-28,136.51135416666668,57.84703124999999,331,38129.02,4551.1900000000005,33577.83,1731.22,643.11,1629.07,15156.81,345.0,14762.62,44.908802083333335,0.015625
2023-12-29,138.56541666666666,59.39025,427,51104.03,5902.99,45201.04,2225.6,795.49,2128.43,21127.11,468.0,19394.63,44.62870833333333,0.004166666666666667
2023-12-30,132.58158333333333,56.424416666666666,430,45630.25,5691.98,39938.27,2249.68,841.26,1918.08,18209.86,492.0,17211.39,45.636541666666666,0.0125
